Name,Url,Authority,Started On,Finished On,License Number
Intro to Cybersecurity ,confirm.udacity.com/e/29e32c82-c38c-11ed-b63b-47927b608c67,Udacity,Aug 2023,,
Google Cybersecurity (Learning Path),https://www.coursera.org/account/accomplishments/professional-cert/PTETAE5K7HLY,Coursera,Apr 2024,,
Introduction to Cloud Computing (IBM),https://www.coursera.org/account/accomplishments/verify/WZ37UTM6DW45,Coursera,Feb 2024,,
Prepare for Unity Certification,,LinkedIn,Mar 2023,,706bea4eb2d9a9c09723fd229a0ab32aad23cd46ca3eee873d7d68362e5ca098
Getting Started in AR/VR Using Unreal Engine,,LinkedIn,May 2023,,dcde2208e2664c18c5ecd630edab7cb50d45f920b0d43a2124b2ad1cb8ac02d8
