Organization,Followed On
Attri Institute,Sun Nov 09 16:41:21 UTC 2025
CloudNova Solutions,Sat Nov 08 08:47:32 UTC 2025
Eduaxs Solutions,Sat Nov 08 08:47:16 UTC 2025
Prefr.co,Sat Nov 08 08:34:15 UTC 2025
Perimattic,Sat Nov 08 05:27:42 UTC 2025
Morpheus Talent Solutions,Fri Nov 07 01:47:57 UTC 2025
Toloka,Fri Nov 07 01:45:06 UTC 2025
Potoos,Mon Nov 03 16:30:03 UTC 2025
Hey Recruiting,Sun Nov 02 03:27:18 UTC 2025
CardoneVentures.AI,Sun Nov 02 03:11:31 UTC 2025
Scopio,Sun Nov 02 02:48:16 UTC 2025
GPT INNOVATOR'S,Sat Nov 01 08:03:36 UTC 2025
The Oz Studios,Tue Oct 28 15:54:55 UTC 2025
Beta,Tue Oct 28 07:27:19 UTC 2025
Ripen Labs,Mon Oct 27 01:18:37 UTC 2025
Pirappokkum Foundation,Sun Oct 26 14:38:33 UTC 2025
Proxidize,Sat Oct 25 13:21:08 UTC 2025
Clickmyze,Sat Oct 25 10:29:06 UTC 2025
The Asian Kid,Sat Oct 25 05:18:29 UTC 2025
"Mini Sudoku, a puzzle by LinkedIn",Sat Oct 25 05:08:30 UTC 2025
Atomik Growth,Sat Oct 25 03:15:50 UTC 2025
Reframe India,Wed Oct 22 12:26:19 UTC 2025
Jobgether,Wed Oct 22 11:52:20 UTC 2025
People Prime Worldwide,Wed Oct 22 11:41:32 UTC 2025
Brainwave Science,Wed Oct 22 11:36:40 UTC 2025
Lofte Studios LLP,Wed Oct 22 11:20:54 UTC 2025
EmpowerEDU,Wed Oct 22 11:18:32 UTC 2025
Learn with Leaders,Wed Oct 22 11:17:14 UTC 2025
UniUpp,Wed Oct 22 11:09:41 UTC 2025
Lifology | Designing lives,Wed Oct 22 11:08:10 UTC 2025
Kunduz,Wed Oct 22 11:05:12 UTC 2025
Feel Your Best,Wed Oct 22 11:03:10 UTC 2025
TalentBridge Collective,Wed Oct 22 11:02:42 UTC 2025
HSV Digital,Wed Oct 22 11:01:57 UTC 2025
Graphics Yard | Creative Graphic Design Studio,Wed Oct 22 11:00:48 UTC 2025
72 Dragons,Wed Oct 22 04:20:31 UTC 2025
AI Freelance Hub,Tue Oct 21 13:09:24 UTC 2025
Marquee Fellowship Program,Tue Oct 21 05:14:21 UTC 2025
SkoolOfCode,Tue Oct 21 05:12:15 UTC 2025
Zafify,Tue Oct 21 05:11:01 UTC 2025
Aetosky,Tue Oct 21 05:06:14 UTC 2025
Matterbay,Tue Oct 21 05:06:02 UTC 2025
WideAccess,Mon Oct 20 13:13:38 UTC 2025
MEP Learnings,Mon Oct 20 13:13:19 UTC 2025
Amilo AI Pvt Ltd.,Mon Oct 20 05:58:24 UTC 2025
VT NextGen Solutions Pvt Ltd,Sat Oct 18 16:27:48 UTC 2025
EduMetrix Limited,Sat Oct 18 10:34:04 UTC 2025
Indian Startup News,Tue Oct 14 13:49:36 UTC 2025
Boardy,Tue Oct 14 10:03:57 UTC 2025
Pulse Labs,Tue Oct 14 00:45:12 UTC 2025
CereBree,Tue Oct 14 00:43:58 UTC 2025
Made by Fire,Tue Oct 14 00:42:55 UTC 2025
SkyWash Pro,Tue Oct 14 00:42:14 UTC 2025
HINDCO Consulting Services,Tue Oct 14 00:41:46 UTC 2025
Mutant (X),Tue Oct 14 00:41:11 UTC 2025
VectorShift,Tue Oct 14 00:40:36 UTC 2025
RR.T,Tue Oct 14 00:39:09 UTC 2025
Titan Holdings,Tue Oct 14 00:38:48 UTC 2025
Building and Industrial Control System (BICSYS),Tue Oct 14 00:38:21 UTC 2025
Sors Co,Tue Oct 14 00:37:53 UTC 2025
TekValue IT Solutions,Sun Oct 12 10:02:54 UTC 2025
Zetheta Algorithms Private Limited,Sun Oct 12 10:00:57 UTC 2025
Toloka Annotators,Sun Oct 12 10:00:31 UTC 2025
Bexomi Technologies Private Limited,Sun Oct 12 09:53:30 UTC 2025
Pipraiser,Sun Oct 12 09:49:34 UTC 2025
Aceolution,Sun Oct 12 09:44:41 UTC 2025
Scoutit,Sun Oct 12 08:59:40 UTC 2025
Silicon Valley Consulting,Sun Oct 12 08:58:43 UTC 2025
Valzo Soft Solutions,Sun Oct 12 08:55:42 UTC 2025
Raptor AI 株式会社,Sun Oct 12 08:53:45 UTC 2025
EdgeZen Labs,Sat Oct 11 15:53:09 UTC 2025
thinkbridge,Fri Oct 10 14:27:13 UTC 2025
VALUETE,Fri Oct 10 14:26:25 UTC 2025
Wendy - The Redhead Baddie,Fri Oct 10 11:51:21 UTC 2025
AlgoTutor,Fri Oct 10 03:04:32 UTC 2025
Ellty,Fri Oct 10 02:51:15 UTC 2025
PGC Digital (America) Inc: CMMI Level 3 Company,Fri Oct 10 02:50:10 UTC 2025
fore ai,Fri Oct 10 02:46:05 UTC 2025
Aura Recruitment Solutions,Fri Oct 10 02:30:25 UTC 2025
Growfy Tech Pvt Ltd,Fri Oct 10 00:56:57 UTC 2025
YourTribe,Wed Oct 08 05:02:03 UTC 2025
Sparkle Digital Solutions Private Limited,Wed Oct 08 05:01:19 UTC 2025
RandomTrees,Wed Oct 08 01:58:44 UTC 2025
Brandsmashers Tech,Tue Oct 07 14:20:54 UTC 2025
Strategic Ventures-in,Tue Oct 07 07:24:35 UTC 2025
Ramco Systems,Tue Oct 07 07:19:16 UTC 2025
Arista Networks,Sun Oct 05 15:30:43 UTC 2025
JobAlchemy,Sun Oct 05 15:20:39 UTC 2025
Tiger Analytics,Sat Oct 04 12:51:01 UTC 2025
TripFactory.com,Fri Oct 03 03:23:58 UTC 2025
CausalFunnel,Thu Oct 02 07:25:59 UTC 2025
HireBound,Thu Oct 02 07:25:18 UTC 2025
Carbon Spark,Thu Oct 02 07:24:40 UTC 2025
Decodes,Thu Oct 02 06:52:17 UTC 2025
slice,Thu Oct 02 04:48:11 UTC 2025
KLA,Thu Oct 02 03:06:24 UTC 2025
Response Informatics,Thu Oct 02 03:05:37 UTC 2025
Hexnode,Wed Oct 01 01:51:45 UTC 2025
Thurro,Wed Oct 01 01:51:17 UTC 2025
Complyance,Mon Sep 29 06:47:33 UTC 2025
UNLOX®,Sun Sep 28 11:51:35 UTC 2025
Townmanor Technologies P-Ltd,Sun Sep 28 11:48:17 UTC 2025
Emireq,Sun Sep 28 11:47:16 UTC 2025
Portal26,Sun Sep 28 11:40:42 UTC 2025
Health Pro,Sun Sep 28 11:38:33 UTC 2025
CareerCracker Academy,Sun Sep 28 10:57:42 UTC 2025
BOT Campus AI,Sun Sep 28 07:41:12 UTC 2025
Bahwan Cyber Tek Private Limited,Sun Sep 28 05:27:46 UTC 2025
Flam,Sat Sep 27 10:36:04 UTC 2025
Diplom.org,Sat Sep 27 08:04:03 UTC 2025
Centre for Advanced Practical Project Management,Sat Sep 27 08:03:23 UTC 2025
IceApple Technology Solutions,Fri Sep 26 02:05:25 UTC 2025
26ideas,Thu Sep 25 13:06:31 UTC 2025
Xtramiles,Thu Sep 25 12:47:30 UTC 2025
Autosky Aerospace Pvt Ltd,Thu Sep 25 12:46:53 UTC 2025
Opvia.in,Thu Sep 25 12:43:41 UTC 2025
GODS,Thu Sep 25 12:41:26 UTC 2025
Thumo,Thu Sep 25 12:34:14 UTC 2025
JobsFlix ,Thu Sep 25 12:30:57 UTC 2025
Progressive Solution,Thu Sep 25 12:29:56 UTC 2025
WorQFlow | Trusted D365 Talent & Solutions,Thu Sep 25 12:29:37 UTC 2025
ansrsource,Thu Sep 25 12:28:48 UTC 2025
Round The Clock Technologies,Thu Sep 25 12:25:39 UTC 2025
U3 Infotech,Thu Sep 25 11:04:57 UTC 2025
Positka,Thu Sep 25 10:32:34 UTC 2025
Stemz Healthcare,Thu Sep 25 05:51:34 UTC 2025
numberz.ai,Thu Sep 25 05:46:58 UTC 2025
Yotuh Energy,Wed Sep 24 02:03:38 UTC 2025
Maveric Systems Limited,Wed Sep 24 02:03:12 UTC 2025
Xtend,Wed Sep 24 02:01:30 UTC 2025
Compulsion Games,Tue Sep 23 08:00:02 UTC 2025
Vyastics,Tue Sep 23 07:32:49 UTC 2025
Zhians,Tue Sep 23 05:09:39 UTC 2025
NielsenIQ,Mon Sep 22 16:40:04 UTC 2025
Turing,Tue Sep 16 13:38:39 UTC 2025
Consolidated Analytics,Tue Sep 16 13:26:33 UTC 2025
Syft,Thu Sep 11 14:15:36 UTC 2025
Stier Solutions Inc,Wed Sep 10 10:15:34 UTC 2025
Pulchritude® Fashion Studio,Wed Sep 10 10:15:17 UTC 2025
MockExperts,Tue Sep 09 15:31:19 UTC 2025
INSIA,Mon Sep 08 17:07:17 UTC 2025
Talkster,Sun Aug 17 15:09:11 UTC 2025
Beige Studio,Sun Aug 17 15:07:44 UTC 2025
Doyensys Inc,Sat Aug 16 13:06:56 UTC 2025
Symbal,Thu Aug 14 12:13:02 UTC 2025
GamerFlick,Wed Aug 13 06:40:15 UTC 2025
OPM Corporation,Tue Aug 12 16:01:39 UTC 2025
Bain & Company,Mon Aug 11 10:31:47 UTC 2025
Klyptoapp,Mon Aug 11 06:21:47 UTC 2025
OneCompiler,Mon Aug 11 05:39:02 UTC 2025
Unplugged - Screen Time Control App,Sun Aug 10 02:12:20 UTC 2025
Ravant Media,Sat Aug 09 15:42:10 UTC 2025
SWITS DIGITAL Private Limited,Sat Aug 09 12:58:38 UTC 2025
DealConverter - The Revenue Booster CRM,Sat Aug 09 09:04:31 UTC 2025
QuantumGenie,Sat Aug 09 04:34:27 UTC 2025
Fenrir Security Private Limited,Sat Aug 09 04:14:40 UTC 2025
AlphaSheet.io,Sat Aug 09 04:11:03 UTC 2025
KBS Consultants Private Limited,Fri Aug 08 16:05:57 UTC 2025
Shoopy,Fri Aug 08 16:05:01 UTC 2025
Cybermind Works,Fri Aug 08 16:01:57 UTC 2025
Klenty,Fri Aug 08 16:00:54 UTC 2025
InCore Semiconductors,Fri Aug 08 16:00:29 UTC 2025
Terul Electronics,Fri Aug 08 02:09:56 UTC 2025
CAMB.AI,Fri Aug 08 02:05:12 UTC 2025
Millennium Global Services,Wed Aug 06 11:35:52 UTC 2025
TIDEL Park Limited,Tue Aug 05 12:38:22 UTC 2025
Emitlogic ,Mon Aug 04 13:27:07 UTC 2025
CeSqua,Mon Aug 04 13:21:42 UTC 2025
Canaan Advisors,Fri Aug 01 11:53:32 UTC 2025
Kush Digital College (KDC),Fri Aug 01 10:28:55 UTC 2025
VerbiQ,Fri Aug 01 09:13:35 UTC 2025
Studd Games,Fri Aug 01 05:14:43 UTC 2025
Vogent,Thu Jul 31 16:06:58 UTC 2025
QuillAI Network,Tue Jul 29 13:19:51 UTC 2025
Witrame,Tue Jul 29 09:19:22 UTC 2025
The Language SKOOL,Tue Jul 29 05:39:55 UTC 2025
ValGenesis,Mon Jul 28 11:12:13 UTC 2025
Procedure,Mon Jul 28 04:02:46 UTC 2025
anima interactive,Sun Jul 27 09:45:07 UTC 2025
NextHire – Remote & Fresher Jobs,Thu Jul 24 15:39:58 UTC 2025
Orygin AI,Wed Jul 23 04:08:13 UTC 2025
FreoWhizz Digital Marketing,Tue Jul 22 11:31:36 UTC 2025
iG Impulso,Mon Jul 21 13:08:37 UTC 2025
MergerDomo,Mon Jul 21 13:05:37 UTC 2025
DoneByAI,Mon Jul 21 13:05:27 UTC 2025
Young Scholarz,Mon Jul 21 12:56:56 UTC 2025
Hamara CRM,Sat Jul 19 12:38:37 UTC 2025
VibeLrn,Fri Jul 18 09:39:55 UTC 2025
Duolingo,Fri Jul 18 01:03:06 UTC 2025
CNN,Fri Jul 18 00:48:25 UTC 2025
Closing Gap,Thu Jul 17 16:14:38 UTC 2025
AugRay,Thu Jul 17 16:13:38 UTC 2025
Warping,Thu Jul 17 05:18:45 UTC 2025
Careeristically,Wed Jul 16 07:33:01 UTC 2025
Toronto French Academy (TFA),Mon Jul 14 02:50:45 UTC 2025
The Drill,Mon Jul 14 02:39:39 UTC 2025
Volunteer ,Mon Jul 14 02:37:12 UTC 2025
Blue Genes Research (BGR),Sun Jul 13 05:05:01 UTC 2025
Alliance Française of Madras,Sun Jul 13 04:43:14 UTC 2025
TeknoClass,Sat Jul 12 06:32:49 UTC 2025
Zeal Educators,Sat Jul 12 06:32:07 UTC 2025
RONIN Studies,Sat Jul 12 06:30:29 UTC 2025
HardToonz,Sat Jul 12 06:29:32 UTC 2025
IELTS | PTE CORE ONLINE TRAINERS,Sat Jul 12 06:28:59 UTC 2025
FOCUS EXPRESS CARGO PVT LTD,Sat Jul 12 06:23:43 UTC 2025
Fairtrade Network of Asia & Pacific Producers ( NAPP),Sat Jul 12 06:20:16 UTC 2025
Helping Hand,Sat Jul 12 06:18:27 UTC 2025
GigaTech Services,Sat Jul 12 06:10:33 UTC 2025
Champ Code Academy,Sat Jul 12 06:05:35 UTC 2025
nniit.com,Sat Jul 12 06:01:49 UTC 2025
Wadhwani Foundation,Sat Jul 12 06:01:00 UTC 2025
DigiFocal IT Solutions Pvt Ltd,Sat Jul 12 05:59:13 UTC 2025
Indian Travel Tour,Wed Jul 09 05:55:40 UTC 2025
GradXpert,Wed Jul 09 05:11:22 UTC 2025
Augmont | Gold For All,Wed Jul 09 02:27:47 UTC 2025
Viento Group,Wed Jul 09 02:27:25 UTC 2025
Careait Health,Wed Jul 09 02:26:34 UTC 2025
Lattle Media,Wed Jul 09 02:25:23 UTC 2025
upGrad,Tue Jul 08 06:17:12 UTC 2025
powersmy.biz,Mon Jul 07 08:40:22 UTC 2025
twozo,Mon Jul 07 06:45:31 UTC 2025
Insyd,Sun Jul 06 11:01:18 UTC 2025
KNOWFINITY,Fri Jul 04 13:32:40 UTC 2025
SkillDzire,Fri Jul 04 10:43:52 UTC 2025
Coneixement INDIA (OPC) Pvt Ltd,Fri Jul 04 10:41:04 UTC 2025
Concept Of Living Charitable Trust,Fri Jul 04 10:30:53 UTC 2025
GLECTA,Fri Jul 04 10:30:02 UTC 2025
Acros Pvt. Ltd.,Fri Jul 04 10:26:04 UTC 2025
Fundoo tutor,Fri Jul 04 10:10:49 UTC 2025
CorpReady®,Fri Jul 04 05:38:48 UTC 2025
Skill Veda,Fri Jul 04 05:10:18 UTC 2025
WhyDigital Marketing,Fri Jul 04 05:07:47 UTC 2025
Xponentium India,Fri Jul 04 05:06:37 UTC 2025
"Agilonomics, LLC",Thu Jul 03 16:32:55 UTC 2025
BayOne Solutions,Thu Jul 03 16:23:04 UTC 2025
Applicantz,Thu Jul 03 16:20:50 UTC 2025
Maxonic Inc.,Thu Jul 03 16:19:24 UTC 2025
Maangler,Thu Jul 03 16:16:02 UTC 2025
Touchpoints,Thu Jul 03 16:11:36 UTC 2025
Active Consulting Services LLC,Thu Jul 03 16:09:42 UTC 2025
Silicontek Inc,Thu Jul 03 16:08:33 UTC 2025
Invsto,Thu Jul 03 15:47:13 UTC 2025
SnapFind - Hire in one snap,Thu Jul 03 15:45:44 UTC 2025
TheProjectSEO,Thu Jul 03 15:43:32 UTC 2025
The Golden Perch,Thu Jul 03 07:05:28 UTC 2025
CryptoChakra,Thu Jul 03 07:04:53 UTC 2025
Neue World - WebFlow & UI/UX Agency,Thu Jul 03 05:50:13 UTC 2025
Effizient Inc.,Thu Jul 03 05:49:20 UTC 2025
Cybrlytics Technology,Thu Jul 03 05:44:03 UTC 2025
The Lavender Spaceship Project,Thu Jul 03 05:43:40 UTC 2025
TheTechmatic,Thu Jul 03 05:43:10 UTC 2025
Chessbrainz,Thu Jul 03 05:41:40 UTC 2025
Sukruni Agencies & Technologies,Thu Jul 03 05:40:50 UTC 2025
ShivShambhu WebWorks,Thu Jul 03 05:40:09 UTC 2025
Modern Tech Creations,Thu Jul 03 05:39:05 UTC 2025
RenderEase Technovations,Thu Jul 03 05:37:15 UTC 2025
Social Innovation Studio,Thu Jul 03 05:35:01 UTC 2025
Kataliser,Thu Jul 03 05:34:14 UTC 2025
Saproh Private Limited,Thu Jul 03 04:30:55 UTC 2025
IOSIGNITE,Thu Jul 03 04:27:36 UTC 2025
24 Sskanda Solutions,Thu Jul 03 04:18:06 UTC 2025
Tryo,Thu Jul 03 04:16:50 UTC 2025
Vaultify,Thu Jul 03 03:42:34 UTC 2025
Conceptorz,Thu Jul 03 03:39:28 UTC 2025
Abekus,Thu Jul 03 03:37:21 UTC 2025
Prime Corporate LLP,Thu Jul 03 03:37:08 UTC 2025
EFIcyent,Thu Jul 03 03:36:01 UTC 2025
Whizen Academy,Thu Jul 03 03:35:24 UTC 2025
tutoroot,Mon Jun 30 14:11:30 UTC 2025
Flecks Labs,Mon Jun 30 10:37:34 UTC 2025
Sambodhi Capacity and Learning Institute,Mon Jun 30 10:36:55 UTC 2025
Sambodhi Research and Communications Pvt. Ltd.,Mon Jun 30 10:36:17 UTC 2025
Number Dyslexia,Mon Jun 30 10:35:39 UTC 2025
VAYAM,Mon Jun 30 10:35:22 UTC 2025
EducationNest,Mon Jun 30 09:31:13 UTC 2025
Navitus Technologies,Mon Jun 30 06:41:52 UTC 2025
Paresa Collection,Sun Jun 29 13:03:10 UTC 2025
Triaxa - FZCO,Sun Jun 29 12:44:28 UTC 2025
VERLÄSSLICH ANALYTICS,Sun Jun 29 12:40:45 UTC 2025
Finessefleet Foundation,Sun Jun 29 12:37:39 UTC 2025
Studio 52 Media & Technology Group | Award-Winning Video & Audio Production Co.,Sun Jun 29 12:36:26 UTC 2025
Moviedelic,Sun Jun 29 12:35:34 UTC 2025
BimSrv LLP,Sun Jun 29 12:35:14 UTC 2025
Class Central,Sun Jun 29 12:34:47 UTC 2025
Studiocupcakes,Sat Jun 28 14:29:29 UTC 2025
Lateral IP,Sat Jun 28 13:22:25 UTC 2025
LurnRyte,Fri Jun 27 13:24:33 UTC 2025
Netsynk Inc,Tue Jun 24 14:04:14 UTC 2025
New To Education,Tue Jun 24 12:52:18 UTC 2025
Real Estate Finance Institute,Tue Jun 24 12:49:58 UTC 2025
Continual Engine,Mon Jun 23 06:04:59 UTC 2025
Grizmo Labs 🌐,Sun Jun 22 12:59:32 UTC 2025
NAZZTEC,Sun Jun 22 12:59:10 UTC 2025
TEN:Blockchain,Sun Jun 22 12:58:18 UTC 2025
HashRoot,Sun Jun 22 12:58:05 UTC 2025
AI Data Innovations,Fri Jun 20 05:28:46 UTC 2025
"Reddit, Inc.",Fri Jun 20 05:08:21 UTC 2025
Infinity Learn,Fri Jun 20 05:00:40 UTC 2025
HITLAB,Fri Jun 20 04:48:52 UTC 2025