Event Name,Event Time,Status,External Url
Certified Blockchain Expert™ Interactive Live Training,"Nov 15, 2025 01:30 PM - Nov 16, 2025 04:30 PM",APPROVED,https://www.blockchain-council.org/instructor-led-training/certified-blockchain-expert-instructor-led-training/
Data Science Connect Conference 2022 - Fifth Annual (Free to Attend),"Oct 19, 2022 01:00 PM - Oct 20, 2022 09:00 PM",APPROVED,https://www.crowdcast.io/e/dscconf2022
Online Internship Program,"Jun 24, 2023 10:30 AM - Sep 09, 2023 04:30 PM",APPROVED,https://bit.ly/42qsx5e
Two Days Internship and 15-Days AWS Certification Course (Online & Offline),"Jul 04, 2024 04:30 AM - Jul 19, 2024 12:30 PM",APPROVED,https://forms.office.com/r/gKj4ZRjrKT
Using Deep Learning To Make Computers Think Like Humans With All Star Joyce,"May 10, 2022 03:30 PM - May 10, 2022 04:30 PM",APPROVED,
