Question,Answer
How many years of BD experience do you currently have?,1
How many years of work experience do you have with Game Developers?,2
How many years of work experience do you have with Design Strategy?,1
How many years of work experience do you have with Virtual Reality (VR)?,1
How many years of work experience do you have with Dynamic Websites?,2
How many years of work experience do you have with React Native?,1
How many years of work experience do you have with Programming?,2
How many years of PRDM experience do you currently have?,1
How many years of work experience do you have with Java?,1
How many years of work experience do you have with Music?,4
How many years of work experience do you have with End to End Recruiting?,0
How many years of work experience do you have with Organization Skills?,3
How many years of work experience do you have with Figma (Software)?,3
How many years of work experience do you have with Databases?,1
How many years of TRNG experience do you currently have?,1
How many years of work experience do you have with Branded Content Development?,1
How many years of work experience do you have with Props?,1
How many years of work experience do you have with Edtech?,1
Description,
How many years of work experience do you have with WooCommerce?,1
How many years of work experience do you have with Xcode?,1
Major / Field of study,
How many years of work experience do you have with Microsoft Azure?,1
How many years of work experience do you have with English?,2
How many years of work experience do you have with Database Management System (DBMS)?,1
How many years of work experience do you have with Graphic Design?,3
How many years of work experience do you have with Violin?,4
How many years of urn:li:industry:103 experience do you currently have?,2
How many years of work experience do you have with 3D Animation?,1
How many years of work experience do you have with Decentralized Applications (DApps)?,1
How many years of urn:li:industry:126 experience do you currently have?,1
How many years of work experience do you have with AI-Driven Content?,1
How many years of work experience do you have with Site Reliability Engineering?,1
How many years of work experience do you have with Adobe Creative Suite?,1
How many years of work experience do you have with Marketing?,1
How many years of work experience do you have with Microsoft Excel?,3
How many years of work experience do you have with Scripting?,1
How many years of work experience do you have with Front-End Development?,3
First name,
How many years of work experience do you have with Test Automation?,1
What is your level of proficiency in spa?,None
How many years of work experience do you have with Proofreading?,1
School,
How many years of work experience do you have with Software Development?,1
How many years of work experience do you have with Community Management?,1
What is your level of proficiency in chi?,None
How many years of ADVR experience do you currently have?,1
How many years of work experience do you have with Android Development?,1
How many years of work experience do you have with Machine Learning?,3
City,
How many years of work experience do you have with Core Java?,1
How many years of work experience do you have with Employee Benefits?,1
How many years of work experience do you have with MATLAB?,2
How many years of work experience do you have with Mobile Games?,2
How many years of work experience do you have with Blogger?,1
"Will you now, or in the future, require sponsorship for employment visa status (e.g. H-1B visa status)?",Yes
How many years of work experience do you have with Boundary Line?,1
How many years of work experience do you have with Data Analytics?,1
Country,
How many years of MGMT experience do you currently have?,1
How many years of work experience do you have with Ghostwriting?,1
How many years of work experience do you have with Motion Graphics?,1
How many years of work experience do you have with HTML/CSS Validation?,2
How many years of work experience do you have with Basic Math?,1
How many years of work experience do you have with Computer Science?,2
How many years of work experience do you have with Gaming Industry?,1
How many years of work experience do you have with IBM SPSS?,0
How many years of work experience do you have with User Documentation?,1
How many years of work experience do you have with Ethical Hacking?,1
How many years of work experience do you have with Game Testing?,2
How many years of work experience do you have with Typing?,2
How many years of work experience do you have with Visual Basic for Applications (VBA)?,1
How many years of work experience do you have with Mobile Applications?,1
How many years of work experience do you have with Front End Engineering Design (FEED)?,1
How many years of work experience do you have with Mobile Application Development?,1
How many years of work experience do you have with Themes?,1
How many years of work experience do you have with Vuforia Augmented Reality SDK?,1
How many years of work experience do you have with iOS?,1
How many years of work experience do you have with Social Sciences?,1
How many years of work experience do you have with Kafka Streams?,1
Your title,
How many years of work experience do you have with Adobe Premiere Pro?,1
How many years of work experience do you have with Reasoning Skills?,2
How many years of work experience do you have with Financial Market Research?,1
How many years of work experience do you have with Amadeus Alt√©a Customer Management System (CMS)?,0
Street address line 1,
How many years of work experience do you have with Statements of Work (SOW)?,1
How many years of work experience do you have with Generative AI?,2
How many years of work experience do you have with Scientific Writing?,1
How many years of work experience do you have with Finance?,1
How many years of urn:li:industry:99 experience do you currently have?,1
How many years of work experience do you have with C++?,1
