Question,Answer
How many years of work experience do you have with Visualization?,1
How many years of work experience do you have with Wellness?,1
How many years of work experience do you have with Content Development?,2
How many years of work experience do you have with LangChain?,1
How many years of work experience do you have with Market Research?,1
How many years of work experience do you have with English Grammar?,1
How many years of work experience do you have with Visual Storytelling?,1
How many years of work experience do you have with Research and Development (R&D)?,2
What is your level of proficiency in deu?,None
We must fill this position urgently. Can you start immediately?,Yes
How many years of work experience do you have with Process Automation?,1
How many years of work experience do you have with Tailwind CSS?,1
How many years of work experience do you have with Clip Studio Paint?,1
How many years of work experience do you have with Programming Languages?,3
How many years of work experience do you have with Interdisciplinary Teaching?,1
How many years of work experience do you have with Web Content?,1
How many years of work experience do you have with Architectural Visualization?,1
How many years of work experience do you have with Avid Unity?,1
How many years of work experience do you have with Presentations?,2
Description,
How many years of work experience do you have with Game Art?,1
How many years of work experience do you have with Cocos2d?,2
How many years of work experience do you have with Selenium?,2
How many years of work experience do you have with Microsoft PowerPoint?,3
How many years of work experience do you have with Writing?,1
How many years of work experience do you have with UX Research?,1
How many years of work experience do you have with Program Coordination?,2
How many years of work experience do you have with Information Technology?,1
How many years of work experience do you have with 2D art?,1
How many years of work experience do you have with Keyboards?,2
How many years of work experience do you have with Clean Coding?,2
How many years of work experience do you have with Academic Research?,1
How many years of work experience do you have with Tutoring?,2
How many years of work experience do you have with Computer Vision?,2
How many years of work experience do you have with Vue.js?,1
Veteran status,NotProtectedVeteran
State / Province,
How many years of work experience do you have with Active Sourcing?,1
How many years of work experience do you have with Data Analysis?,1
How many years of work experience do you have with Subversion?,0
How many years of work experience do you have with Linux?,1
How many years of work experience do you have with Unity?,2
How many years of work experience do you have with REST APIs?,2
How many years of work experience do you have with Windows?,2
How many years of LGL experience do you currently have?,1
How many years of work experience do you have with Node.js?,2
How many years of work experience do you have with Artificial Intelligence for Business?,1
How many years of work experience do you have with Shopify?,0
State,
How many years of OTHR experience do you currently have?,1
City,
How many years of work experience do you have with Chatbot Development?,1
How many years of work experience do you have with Spring Boot?,1
How many years of work experience do you have with Google Cloud Platform (GCP)?,1
What is your level of proficiency in ben?,None
How many years of work experience do you have with Technical Writers?,2
How many years of work experience do you have with Google Website Optimizer?,1
Company,
How many years of work experience do you have with Bootstrap (Framework)?,2
ZIP / Postal Code,
How many years of work experience do you have with LinkedIn?,2
How many years of work experience do you have with Lead Generation?,1
How many years of work experience do you have with Bioinformatics?,0
How many years of work experience do you have with OpenAI API?,2
How many years of work experience do you have with Media Trends?,2
How many years of work experience do you have with Artificial Intelligence (AI)?,2
How many years of work experience do you have with Ruby on Rails?,1
How many years of work experience do you have with Robotic Process Automation (RPA)?,1
How many years of work experience do you have with HR Management?,1
How many years of work experience do you have with AI Prompting?,1
How many years of work experience do you have with SASS?,0
How many years of work experience do you have with Redux.js?,1
How many years of work experience do you have with Freelancing?,1
How many years of work experience do you have with HTML?,3
How many years of EDU experience do you currently have?,1
How many years of ENG experience do you currently have?,2
Have you completed the following level of education: Master's Degree?,No
Your title,
How many years of work experience do you have with 3D?,1
How many years of work experience do you have with Academic Background?,1
How many years of work experience do you have with Machine Learning Algorithms?,2
How many years of work experience do you have with Data Annotation?,1
What is your level of proficiency in hin?,None
How many years of work experience do you have with Online Marketing?,1
How many years of work experience do you have with Content Curation?,2
How many years of work experience do you have with Teaching English as a Foreign Language?,1
Location (city),
How many years of work experience do you have with Cyber?,1
How many years of work experience do you have with Instagram?,2
How many years of work experience do you have with Android?,1
How many years of work experience do you have with Unreal Engine 3?,1
How many years of work experience do you have with Scratch?,1
How many years of work experience do you have with Audio Editing?,1
