Question,Answer
How many years of work experience do you have with Storytelling?,1
How many years of work experience do you have with Digital Marketing?,0
How many years of work experience do you have with Electronic Medical Record (EMR)?,0
How many years of work experience do you have with Video Editing?,1
How many years of work experience do you have with Testing?,0
How many years of work experience do you have with English Teaching?,2
Are you legally authorized to work in the United States?,No
How many years of work experience do you have with Automation?,1
How many years of work experience do you have with Research Projects?,1
How many years of work experience do you have with Applied Machine Learning?,1
How many years of work experience do you have with Entrepreneurship?,1
How many years of work experience do you have with TensorFlow?,2
How many years of work experience do you have with Google Analytics?,1
How many years of work experience do you have with Payroll Management?,1
Are you comfortable working in an onsite setting?,No
How many years of work experience do you have with Pixi.js?,1
How many years of urn:li:industry:139 experience do you currently have?,1
How many years of work experience do you have with Relational Databases?,1
How many years of work experience do you have with Web3?,2
Race/Ethnicity,Asian (Not Hispanic or Latino)
How many years of IT experience do you currently have?,1
How many years of work experience do you have with Academic English?,1
Description,
How many years of work experience do you have with Adobe InDesign?,1
How many years of work experience do you have with MERN Stack?,2
How many years of work experience do you have with .NET Framework?,1
How many years of work experience do you have with Skill Development?,1
How many years of work experience do you have with Cascading Style Sheets (CSS)?,3
How many years of MRKT experience do you currently have?,1
How many years of work experience do you have with Social Media Marketing?,1
How many years of RSCH experience do you currently have?,1
How many years of work experience do you have with Calculus?,1
How many years of work experience do you have with Adobe Photoshop?,1
How many years of work experience do you have with Industry standards?,1
How many years of work experience do you have with Prompt Engineering?,1
How many years of DSGN experience do you currently have?,1
How many years of work experience do you have with Coding Practices?,2
How many years of work experience do you have with Remote Work?,2
How many years of work experience do you have with API Development?,1
How many years of work experience do you have with Augmented Reality (AR)?,1
How many years of work experience do you have with Front-end Engineering?,3
How many years of work experience do you have with Design?,1
How many years of work experience do you have with Deep Learning?,1
How many years of work experience do you have with ARKit?,1
How many years of work experience do you have with Retail Technology?,1
How many years of work experience do you have with Blazor?,0
How many years of work experience do you have with 3D Design?,2
How many years of work experience do you have with VICIdial Contact Center?,1
What is your level of proficiency in fre?,Conversational
How many years of work experience do you have with Linear Algebra?,1
How many years of work experience do you have with Patent Searching?,1
How many years of work experience do you have with Article Writing?,1
How many years of work experience do you have with Employee Training?,1
How many years of work experience do you have with Child Development?,1
How many years of work experience do you have with Linux System Administration?,1
How many years of work experience do you have with Advanced Mathematics?,1
<strong>Disability</strong>,No
Do you have a valid driver's license?,Yes
How many years of work experience do you have with Anthropic Claude?,1
Have you completed the following level of education: Master of Business Administration?,No
How many years of work experience do you have with Content Creation?,2
Company,
How many years of work experience do you have with Creative Strategy?,2
How many years of work experience do you have with Agile Development?,1
How many years of work experience do you have with Reddit?,1
How many years of work experience do you have with C# in .NET?,0
Country,
How many years of work experience do you have with Unreal Engine 4?,1
How many years of work experience do you have with Copywriting?,1
How many years of work experience do you have with Fine Tuning?,1
How many years of work experience do you have with Art Direction?,1
Degree,
How many years of work experience do you have with Amazon Dynamodb?,1
Are you legally authorized to work in IN?,Yes
How many years of work experience do you have with Creative Writing?,2
How many years of work experience do you have with Web Pages?,2
How many years of work experience do you have with Museums?,1
How many years of work experience do you have with Dialogflow?,1
How many years of work experience do you have with Elixir?,1
How many years of work experience do you have with MySQL?,2
How many years of work experience do you have with Database Design?,1
How many years of work experience do you have with Supervisory Skills?,3
Your title,
How many years of work experience do you have with Virtual Reality Development?,2
How many years of work experience do you have with Technical Recruiting?,1
How many years of work experience do you have with Operating Systems?,1
How many years of work experience do you have with Working Experience?,0
How many years of work experience do you have with Full-Stack Development?,2
Street address line 2,
How many years of work experience do you have with User Interface Design?,3
How many years of work experience do you have with Unreal Editor?,1
How many years of work experience do you have with MongoDB?,1
How many years of work experience do you have with Content Analysis?,1
Have you completed the following level of education: Bachelor's Degree?,Yes
