Question,Answer
How many years of work experience do you have with Creative Ideation?,1
How many years of work experience do you have with Microservices?,1
How many years of work experience do you have with Back-End Web Development?,1
How many years of work experience do you have with Blender?,2
How many years of work experience do you have with Creative Content Creation?,1
How many years of work experience do you have with Online Tutoring?,1
How many years of work experience do you have with Analytical Skills?,1
How many years of work experience do you have with Training?,1
Company,
How many years of work experience do you have with Appium?,1
How many years of work experience do you have with Hadoop?,0
How many years of work experience do you have with 3D Modeling Software?,1
How many years of work experience do you have with SEMrush?,1
How many years of work experience do you have with Adobe Illustrator?,1
How many years of work experience do you have with Character Concept Design?,1
How many years of work experience do you have with WordPress Design?,1
How many years of work experience do you have with GitHub?,2
What is your level of proficiency in tam?,Professional
How many years of work experience do you have with Social Studies?,1
How many years of work experience do you have with Attention to Detail?,2
How many years of urn:li:industry:109 experience do you currently have?,2
Have you completed the following level of education: High School Diploma?,Yes
How many years of work experience do you have with Game Development?,2
"Are you willing to take a drug test, in accordance with local law/regulations?",Yes
How many years of work experience do you have with Path Finding?,1
How many years of urn:li:industry:67 experience do you currently have?,1
How many years of work experience do you have with Social Media Management?,1
How many years of work experience do you have with JUnit?,1
How many years of work experience do you have with Adobe XD?,1
How many years of work experience do you have with C (Programming Language)?,3
How many years of work experience do you have with Data Structures?,3
How many years of work experience do you have with TypeScript?,2
How many years of work experience do you have with Canva?,2
How many years of work experience do you have with Prototyping?,2
How many years of work experience do you have with PostgreSQL?,1
How many years of WRT experience do you currently have?,2
How many years of work experience do you have with Mobile User Interface Design?,1
How many years of work experience do you have with Angular?,1
How many years of work experience do you have with Python (Programming Language)?,2
How many years of work experience do you have with Learning Management Systems?,1
How many years of work experience do you have with Game Design?,2
How many years of work experience do you have with Job Skills?,1
How many years of work experience do you have with Analytics?,1
How many years of work experience do you have with Jira?,2
How many years of work experience do you have with Assistant Teaching?,1
