Question,Answer
How many years of work experience do you have with Digital Art?,1
Do you have the following license or certification: Certified Resume Specialist: Education?,No
How many years of work experience do you have with Applicant Tracking Systems?,1
How many years of work experience do you have with Neural Networks?,2
How many years of work experience do you have with Manual Testing?,2
How many years of work experience do you have with Realistic Animation?,1
How many years of work experience do you have with Big Data Analytics?,1
How many years of work experience do you have with DevOps?,1
How many years of work experience do you have with eSports?,1
How many years of work experience do you have with End to End Solutions?,0
How many years of work experience do you have with Content Marketing?,1
How many years of work experience do you have with Academic Editing?,1
How many years of work experience do you have with Web Content Writing?,2
Have you completed the following level of education: Doctor of Philosophy?,No
How many years of work experience do you have with Workflow Automation?,1
How many years of work experience do you have with Education?,1
How many years of work experience do you have with Next.js?,2
How many years of work experience do you have with Content Strategy?,1
How many years of work experience do you have with Django?,1
How many years of work experience do you have with .NET MAUI?,0
How many years of work experience do you have with User-centered Design?,1
How many years of ADM experience do you currently have?,1
How many years of work experience do you have with Application Development?,2
How many years of work experience do you have with Lighting?,1
How many years of work experience do you have with Data Science?,1
How many years of urn:li:industry:30 experience do you currently have?,1
How many years of work experience do you have with Git?,2
Description,
How many years of work experience do you have with Coding Experience?,2
How many years of work experience do you have with User Experience (UX)?,1
How many years of work experience do you have with Video Games?,5
How many years of work experience do you have with Applied Mathematics?,1
How many years of work experience do you have with Social Media?,1
Please submit a resume or LinkedIn profile, -530957872.pdf
How many years of work experience do you have with Campaigns?,1
How many years of urn:li:industry:6 experience do you currently have?,4
How many years of work experience do you have with Google Tag Manager?,1
How many years of work experience do you have with Playwriting?,1
How many years of urn:li:industry:96 experience do you currently have?,1
How many years of work experience do you have with YouTube?,3
Mobile phone number, +91 6385135090
How many years of work experience do you have with Curriculum Development?,1
State / Province,
How many years of work experience do you have with Amazon Web Services (AWS)?,2
What is your level of proficiency in eng?,Native or bilingual
What is your level of proficiency in English?,Native or bilingual
How many years of work experience do you have with Phonics?,1
School,
Have you completed the following level of education: Associate's Degree?,No
How many years of work experience do you have with Scalable Web Applications?,2
How many years of work experience do you have with Relevance?,2
How many years of work experience do you have with After Effects?,1
How many years of work experience do you have with Machine Tools?,3
How many years of work experience do you have with JavaScript?,2
How many years of work experience do you have with Microsoft Outlook?,1
City,
How many years of work experience do you have with Blockchain?,1
Are you comfortable working in a remote setting?,Yes
How many years of urn:li:industry:80 experience do you currently have?,1
How many years of work experience do you have with Research Skills?,1
How many years of work experience do you have with Kotlin?,1
How many years of work experience do you have with Target Audience?,1
How many years of work experience do you have with Reinforcement Learning?,2
How many years of work experience do you have with ZBrush?,0
How many years of work experience do you have with Training Course Development?,1
Company,
How many years of work experience do you have with Large Language Models (LLM)?,1
How many years of work experience do you have with Software as a Service (SaaS)?,1
How many years of work experience do you have with Runway?,1
How many years of work experience do you have with Object-Oriented Programming (OOP)?,1
Country,
How many years of work experience do you have with Datasets?,1
How many years of work experience do you have with Sketching?,3
How many years of work experience do you have with International Relations?,1
How many years of work experience do you have with Storyboarding?,1
Degree,
How many years of work experience do you have with API Gateways?,1
How many years of work experience do you have with Microsoft 365?,2
How many years of work experience do you have with Go (Programming Language)?,1
How many years of QA experience do you currently have?,1
What is your level of proficiency in tel?,None
How many years of work experience do you have with Construct (Game Engine)?,1
Your title,
How many years of work experience do you have with Mathematics?,1
How many years of work experience do you have with ChatGPT?,4
How many years of work experience do you have with Marketing Strategy?,1
How many years of work experience do you have with Natural Language Processing (NLP)?,2
How many years of work experience do you have with Crypto?,1
How many years of work experience do you have with Web Development?,1
How many years of work experience do you have with Technical Writing?,1
How many years of work experience do you have with Azure DevOps Services?,1
How many years of urn:li:industry:3131 experience do you currently have?,2
