Question,Answer
How many years of work experience do you have with Flutter?,1
How many years of work experience do you have with Product Management?,1
How many years of work experience do you have with Branding & Identity?,1
How many years of work experience do you have with Cybersecurity?,2
How many years of work experience do you have with Feature Writing?,2
How many years of work experience do you have with Qualified Teacher?,0
Cover letter,
How many years of work experience do you have with Node.js in Azure?,1
How many years of work experience do you have with Java Development?,2
Description,
How many years of work experience do you have with SQL?,2
Major / Field of study,
How many years of work experience do you have with AI Agents?,1
What is your average deal size in INR (in thousands)?,18000
How many years of work experience do you have with Autodesk 3ds Max?,1
How many years of work experience do you have with Content Management Systems (CMS)?,2
How many years of work experience do you have with HTML5?,2
How many years of work experience do you have with WordPress?,2
How many years of work experience do you have with E-Learning?,1
How many years of work experience do you have with Webflow?,2
How many years of work experience do you have with Unreal Engine?,1
How many years of work experience do you have with PHP?,1
How many years of work experience do you have with Communication?,3
How many years of work experience do you have with Teaching?,1
How many years of work experience do you have with Gamification?,2
How many years of work experience do you have with Academic Writing?,1
How many years of work experience do you have with Word Embeddings?,1
How many years of urn:li:industry:105 experience do you currently have?,1
Are you comfortable working in a hybrid setting?,Yes
How many years of work experience do you have with C#?,2
How many years of work experience do you have with Java Software Development?,1
Company,
How many years of work experience do you have with Twitter?,1
How many years of work experience do you have with Laravel?,1
Last name,
How many years of urn:li:industry:140 experience do you currently have?,1
How many years of work experience do you have with Redis?,1
How many years of work experience do you have with Autodesk Inventor?,1
How many years of work experience do you have with Form W-2?,0
How many years of work experience do you have with Search Engine Optimization (SEO)?,1
How many years of work experience do you have with Animation?,1
How many years of work experience do you have with PyTorch?,2
Please submit a resume or LinkedIn profile,9970996.pdf
How many years of work experience do you have with Microsoft Word?,2
How many years of work experience do you have with Mobile Game Development?,1
Your title,
How many years of work experience do you have with Video Game Journalism?,1
How many years of work experience do you have with Lesson Planning?,2
How many years of work experience do you have with SAT?,1
How many years of work experience do you have with Cyber-security?,2
How many years of work experience do you have with Content Editing?,1
How many years of work experience do you have with Swift (Programming Language)?,1
How many years of HR experience do you currently have?,1
How many years of work experience do you have with Microsoft Office?,2
How many years of work experience do you have with Notion Productivity Software?,1
How many years of work experience do you have with JSON?,1
How many years of work experience do you have with Editing Software?,1
How many years of work experience do you have with Generative Art?,1
How many years of work experience do you have with Content Management?,2
How many years of work experience do you have with Beacon?,1
How many years of work experience do you have with Neuro-Linguistic Programming (NLP)?,1
How many years of work experience do you have with Application Security?,1
Gender,Female
How many years of work experience do you have with Event Management?,1
How many years of work experience do you have with Prisma ORM?,1
How many years of work experience do you have with Academic Consulting?,1
State / Province,
First name,
How many years of work experience do you have with Online Teaching?,2
How many years of work experience do you have with Global SEO?,1
How many years of CNSL experience do you currently have?,1
How many years of work experience do you have with English Literature?,1
How many years of work experience do you have with Business Consulting?,1
How many years of work experience do you have with Dart?,1
How many years of work experience do you have with NoSQL?,1
How many years of work experience do you have with Value Investing?,1
How many years of work experience do you have with React.js?,2
How many years of work experience do you have with WebGL?,1
How many years of work experience do you have with Mobile User Experience?,1
How many years of work experience do you have with Early-Stage Startups?,1
How many years of work experience do you have with Human Resources (HR)?,1
How many years of work experience do you have with Editorial?,1
Country,
How many years of work experience do you have with Material-UI?,1
How many years of work experience do you have with Laptops?,3
How many years of work experience do you have with Autodesk Maya?,1
How many years of work experience do you have with UnrealScript?,1
Degree,
How many years of work experience do you have with Blueprint?,0
How many years of work experience do you have with Google Sheets?,2
How many years of work experience do you have with SAP Controlling (CO)?,0
How many years of work experience do you have with LaTeX?,1
How many years of work experience do you have with Working with Children?,2
How many years of work experience do you have with Hiring?,1
"Are you willing to undergo a background check, in accordance with local law/regulations?",Yes
How many years of work experience do you have with Educational Technology?,2
How many years of urn:li:industry:4 experience do you currently have?,1
