Company Name,Title,Description,Location,Started On,Finished On
Doyensys Inc,Management Associate,,,Oct 2025,
Doyensys Inc,Full Stack Intern,,"Chennai, Tamil Nadu, India",Aug 2025,
Clickmyze,Client Acquisition & Outreach Specialist,,,Oct 2025,
GirlScript Summer of Code,Project Administrator,,,Jul 2025,Oct 2025
StarHome Enterprises,AI Content Specialist,"• Achieved a 70% increase in LinkedIn followers across three brands (Selestial, Blushu, and Kepher) by developing and executing targeted content strategies. • Utilized advanced AI tools, including Leonardo AI and Deep AI, to produce visually appealing, brand-aligned graphics that resonated with the target audience. • Planned and implemented interactive contests, fostering audience engagement and driving consistent follower growth.",,Dec 2024,Jun 2025
Grade Up Assignment,Subject Matter Expert,"• Developed 2 CRUD applications using MySQL, HTML, CSS, and JavaScript, optimizing data handling and achieving 30% faster user interactions. • Produced 15+ reports & presentations on AI, cybersecurity, software testing, and generative AI, driving actionable insights for 5+ internal teams. • Hosted Jira on Azure VM and authored a dissertation on cloud security & benefits, contributing to 20% improvement in organizational cloud adoption strategies. • Completed 3 data analysis tasks on Kaggle, including data cleansing, exploration, and statistical interpretation, improving data visualization and insights for key business decisions. • Completed a dissertation on cloud usage in organizations, focusing on security and benefits, driving insights for improved cloud adoption and risk management.",,Sep 2024,Jun 2025
Ace My Prep,Content Writer Intern,"• Authored over 50 Letters of Recommendation (LORs), 75+ Statements of Purpose (SOPs), and 15+ Curriculum Vitae (CVs), ensuring each document effectively highlighted candidates' achievements and met international academic and professional standards. • Drafted 25+ GRE/GMAT waiver letters, presenting strong cases for test exemptions by articulating candidates' qualifications, experience, and unique circumstances. • Collaborated with students to create personalized and impactful essays that strengthened their applications to top universities. • Crafted tailored essays for a wide range of programs, including Master’s in Computer Science, Master’s in Policy, MBA programs, and undergraduate courses. • Helped students gain admission to prestigious universities such as UCLA, University of Texas, and others, enhancing their chances of success through expert writing and strategic storytelling.",,Dec 2024,May 2025
GDG ON CAMPUS PIT,Technical Co-Lead ,"• Hosted a demo session to showcase the GDG Study Jam, including an overview of the arcade and guidance on completing activities.",India,Sep 2024,May 2025
Headstarter,Software Engineering Fellowship,,United States,Jul 2024,Sep 2024
ZRAE Global,Research And Development Intern,,India,Jul 2024,Aug 2024
GAOTek Inc.,Web Development Intern,"• Developed a full working model of an E-commerce website using a WordPress plugin • Redesigned the contact page of the website, enhancing UI/UX based on user feedback and usability testing, aiming to improve user interaction by 25%. • Utilized plugin for automatically updating real time products within the site, aiming to improve efficient of workflow by 10%.",United States,Jun 2024,Aug 2024
GirlScript Summer of Code,Open Source Contributor,,India,May 2024,Aug 2024
Senselearner Technologies Pvt. Ltd.,Cyber Security Intern,"• Completed 20+ TryHackMe and HackTheBox labs focusing on blue team, red team, and networking concepts. • Demonstrated proficiency in cybersecurity tools such as Wireshark and Nmap. • Developed Python scripts to automate and assess vulnerability scans and network security.",India,Sep 2023,Nov 2023
AnantNetra Technologies,Game Dev Intern,"• Enhanced user experience by implementing interactive UI elements and optimizing shooting mechanics, resulting in a 20% improvement in player engagement and satisfaction. • Collaborated with the team to design and implement an AI-controlled enemy bot for an FPS project, increasing bot challenge level by 30% and player retention. • Used Unity to develop and test game components, achieving a 15% reduction in gameplay lag and ensuring a seamless experience.",India,Jul 2023,Oct 2023
CodeBind Technologies,Web Development Intern,"• Employed HTML, CSS, JavaScript, and Bootstrap to create user-centric features and enhance site performance for a game demo website. • Utilized PHP and SQL to connect contact form data to the backend database, improving efficiency and data management. • Developed websites utilizing React, ShadCN, Clerk Authentication, aiming to improve user satisfaction by 25%.",India,Jun 2023,Jul 2023
Maxelerator Foundation,AI/ML Intern,"• Utilized OpenCV to measure liquid levels in a mini project, through image processing techniques and for random object detection. • Implemented a text summarization tool using Natural Language Processing techniques, resulting in a 15% decrease in text length while preserving key information. • Trained a model to recognize Human Activity using TensorFlow and Keras with a dataset of over 100k instances, achieving 95% accuracy in human activity recognition",India,Aug 2022,Nov 2022
