Date/Time,Media Description,Media Link
"You uploaded a feed photo on April 15, 2024 at 1:12 PM (GMT)", -,https://media.licdn.com/dms/image/v2/D5622AQGY_ixKf5F01w/feedshare-shrink_2048_1536/feedshare-shrink_2048_1536/0/1713186723336?e=1764201600&v=beta&t=e0EEyFKJhUHW3R-dd1GN980bjimZKva7r8eIYQnc098
"You uploaded a feed photo on April 15, 2024 at 12:43 PM (GMT)", -,https://media.licdn.com/dms/image/v2/D5622AQE0JPJUrCqpcQ/feedshare-shrink_2048_1536/feedshare-shrink_2048_1536/0/1713185024330?e=1764201600&v=beta&t=M8d8oXkCB1-Q-r9GxdPU8BF3moI_-XMDKASnaLk0M1Y
"You uploaded a feed photo on April 15, 2024 at 12:43 PM (GMT)", -,https://media.licdn.com/dms/image/v2/D5622AQHNZBo35dUnHg/feedshare-shrink_2048_1536/feedshare-shrink_2048_1536/0/1713185024675?e=1764201600&v=beta&t=oRQxm_CrWgyBWlEZejWQFbBviRC4P8WJJQvqB_UunXc
"You uploaded a feed photo on March 28, 2024 at 12:37 PM (GMT)", -,https://media.licdn.com/dms/image/v2/D5622AQEJUA-tKezEmA/feedshare-shrink_2048_1536/feedshare-shrink_2048_1536/0/1711629460513?e=1764201600&v=beta&t=Q_r7ZNChtMeH-5Gm86Dt1dXBi095S5jYq_pfDddx7Bo
"You uploaded a feed photo on November 15, 2023 at 2:15 AM (GMT)", -,https://media.licdn.com/dms/image/v2/D4D22AQEBcdF0nXfBDQ/feedshare-shrink_2048_1536/feedshare-shrink_2048_1536/0/1700014548460?e=1764201600&v=beta&t=WxRpaIv_8WdBklNhH1C-TWoIi40vo9cn_2CutUIod5E
"You uploaded a feed photo on August 14, 2023 at 2:19 PM (GMT)", -,https://media.licdn.com/dms/image/v2/D5622AQExVKBxjNjyGw/feedshare-shrink_2048_1536/feedshare-shrink_2048_1536/0/1692022743554?e=1764201600&v=beta&t=qn_TBKguowjzPaUXGPet8okGniYdPJpHcdEPCX-uXAw
"You uploaded a feed photo on May 24, 2023 at 8:13 AM (GMT)", -,https://media.licdn.com/dms/image/v2/D5622AQF2qgXK2oqONQ/feedshare-shrink_2048_1536/feedshare-shrink_2048_1536/0/1684916020192?e=1764201600&v=beta&t=lQ2iBSBdbjlubSXd6mpoqoLz0k9wW9_ZoHMK59sSs5g
"You uploaded a feed document on January 29, 2023 at 4:36 AM (GMT)", -,https://media.licdn.com/dms/document/media/v2/C561FAQHy31GyV8yxmA/feedshare-document-url-metadata-scrapper-pdf/feedshare-document-url-metadata-scrapper-pdf/0/1674967006996?e=1763373600&v=beta&t=E3qpe02ozgAzmjtZtCRrgzG5MGObeZCbNqaJMdOXbP8
"You uploaded a feed document on January 15, 2023 at 4:21 AM (GMT)", -,https://media.licdn.com/dms/document/media/v2/C561FAQHfb6TPQF6nQA/feedshare-document-url-metadata-scrapper-pdf/feedshare-document-url-metadata-scrapper-pdf/0/1673756470536?e=1763373600&v=beta&t=n2BytRe5ckx1Q22LqchY_bM-Tl11w5X00ZzVaDROv2A
"You uploaded a feed document on August 28, 2022 at 5:07 AM (GMT)", -,https://media.licdn.com/dms/document/media/v2/C561FAQFHvzX_JryYXg/feedshare-document-url-metadata-scrapper-pdf/feedshare-document-url-metadata-scrapper-pdf/0/1661663247939?e=1763373600&v=beta&t=FSjTFoyRo7qp_aOTVS9cWlw67wofwNedXYx4BSX1-1g
