[
  {
    "First Name": "Lathika",
    "Last Name": "Devanand",
    "Maiden Name": "",
    "Address": "New no 29, Appadurai 2nd street, Ayanavaram, Chennai - 600023",
    "Birth Date": "Apr 20",
    "Headline": "Management Associate at Doyensys || Ex - Co Tech Lead at GDG 2025",
    "Summary": "I\u2019m a recent graduate from B.E. Computer Science - 2025 with CGPA 9.22 and hands-on experience as a Full Stack Intern at Doyensys, where I built FastAPI backends, React dashboards, and integrated Generative AI with Azure.  Passionate about Flutter and full-stack development, I\u2019ve created projects like Food-ey! (AI recipe generator), CloudFinX (multi-cloud dashboard with ML forecasting), and M4RS (VR Mars simulation).  Beyond academics, I\u2019ve led 30+ events as Technical Co-Lead, GDG PIT, contributed to open source, and published research on gamified climate change awareness.  I also work in the founder + content ecosystem at Clickmyze \u2014 helping founders build credibility, audience trust & business outcomes through narrative positioning.  We\u2019ve already driven 40M+ organic views by helping founders stand out, build authority and convert attention into opportunities.",
    "Industry": "IT Services and IT Consulting",
    "Zip Code": "",
    "Geo Location": "India",
    "Twitter Handles": "",
    "Websites": "",
    "Instant Messengers": ""
  }
]