Question,Answer
Dates attended,2018-05-01 - 2019-05-01
Dates of employment,2024-07-01 - 2024-09-01
Your title,Web Development Intern
Dates attended,2020-05-01 - 2021-06-01
Country,India
Street address line 1,"New no 29, Appadurai 2nd street"
School,Velammal Matriculation Higher Secondary School
School,Panimalar Institute Of Technology
City,"Chennai, Tamil Nadu, India"
Dates of employment,2025-01-01 - 
Degree,Bachelor of Engineering - BE
Description,"MUUTAA is a healthcare AI company focused on improving operational efficiencies for our partners throughout the RX medication development and delivery chain.   MUUTAA envisions a world where medication reaches the consumer with speed, precision, and sustainable simplicity.   Through the application of Artificial Intelligence, we transform data into dynamic knowledge to automate repetitive or labor-intensive tasks and consolidate data for insight, predictions and optimization.  MUUTAA, shift to sustainable healthcare."
Degree,IB Program 
Major / Field of study,Computer Science
Your title,Technical Co-Lead 
Your title,Partnerships Manager
Company,Senselearner Technologies Pvt. Ltd.
Company,MUUTAA
Dates of employment,2024-07-01 - 2024-08-01
Your title,Software Engineering Fellowship
Your title,Content Writer Intern
Your title,Subject Matter Expert
Description,"• Achieved a 70% increase in LinkedIn followers across three brands (Selestial, Blushu, and Kepher) by developing and executing targeted content strategies. • Utilized advanced AI tools, including Leonardo AI and Deep AI, to produce visually appealing, brand-aligned graphics that resonated with the target audience. • Planned and implemented interactive contests, fostering audience engagement and driving consistent follower growth."
Description,"• Authored 15+ Letters of Recommendation (LORs), 15+ Statements of Purpose (SOPs), and 7+ Curriculum Vitae (CVs), ensuring each document effectively highlighted candidates' achievements and aligned with international academic and professional standards. • Drafted 3 GRE/GMAT waiver letters, presenting strong cases for standardized test exemptions by articulating candidates' qualifications, experience, and unique circumstances. • Collaborated with students and professionals to create tailored, impactful documents that successfully enhanced their applications for education abroad, demonstrating a deep understanding of admissions requirements and strategic storytelling."
Your title,Cyber Security Intern
Please submit a resume or LinkedIn profile, -530957872.pdf
Gender,Female
Mobile phone number, +91 6385135090
Dates of employment,2024-12-01 - 
Description,"• Developed a full working model of an E-commerce website using a WordPress plugin • Redesigned the contact page of the website, enhancing UI/UX based on user feedback and usability testing, aiming to improve user interaction by 25%. • Utilized plugin for automatically updating real time products within the site, aiming to improve efficient of workflow by 10%."
State / Province,TN
Company,GAOTek Inc.
Dates attended,2021-11-01 - 2025-05-01
Company,Headstarter
Company,ZRAE Global
Description,"• Completed 20+ TryHackMe and HackTheBox labs focusing on blue team, red team, and networking concepts. • Demonstrated proficiency in cybersecurity tools such as Wireshark and Nmap. • Developed Python scripts to automate and assess vulnerability scans and network security."
Dates of employment,2023-09-01 - 2023-11-01
Please submit a resume or LinkedIn profile,435399340.pdf
Company,StarHome Enterprises
Dates of employment,2024-05-01 - 2024-08-01
School,Desert Mountain High School RETIRED
Street address line 2,Ayanavaram
Company,GDG ON CAMPUS PIT
First name,Lathika
Description,"• Enhanced user experience by implementing interactive UI elements and optimizing game shooting mechanisms. • Collaborated with team members to design and implement an AI-controlled enemy bot for a first-person shooter (FPS) project. • Utilized Unity platform to develop and test game components, ensuring seamless gameplay experience."
State,Tamil Nadu
Dates of employment,2024-09-01 - 
Your title,Research And Development Intern
Last name,Devanand
Your title,Open Source Contributor
Description,"• Developed 2 CRUD applications using MySQL, HTML, CSS, and JavaScript, optimizing data handling and achieving 30% faster user interactions. • Produced 15+ reports & presentations on AI, cybersecurity, software testing, and generative AI, driving actionable insights for 5+ internal teams. • Hosted Jira on Azure VM and authored a dissertation on cloud security & benefits, contributing to 20% improvement in organizational cloud adoption strategies. • Completed 3 data analysis tasks on Kaggle, including data cleansing, exploration, and statistical interpretation, improving data visualization and insights for key business decisions. • Currently writing a dissertation on cloud usage in organizations, focusing on security and benefits, driving insights for improved cloud adoption and risk management."
Description,"• Hosted a demo session to showcase the GDG Study Jam, including an overview of the arcade and guidance on completing activities."
Your title,AI Content Specialist
Company,GirlScript Summer of Code
Company,Grade Up Assignment
Company,Ace My Prep
ZIP / Postal Code,600023
