Saved Date,Job Url,Job Title,Company Name
"10/18/25, 5:00 PM",http://www.linkedin.com/jobs/view/4311062918,Full stack developer - MERN,Hookseek
"2/25/24, 8:57 PM",http://www.linkedin.com/jobs/view/3836391347,DevOps & DBA Internship,Everlytics Data Science Pte Ltd
"5/1/24, 3:16 PM",http://www.linkedin.com/jobs/view/3878962294,Remote IB Computer Science Tutor,"Varsity Tutors, a Nerdy Company"
"5/4/24, 11:18 PM",http://www.linkedin.com/jobs/view/3914539153,Full Stack Developer Intern,NxtJob.ai
"2/24/24, 10:11 AM",http://www.linkedin.com/jobs/view/3838083720,Software Engineer Intern,Exuberant.life
"4/1/25, 7:16 AM",http://www.linkedin.com/jobs/view/4079334630,Game Designer,Dream Game Studios
"2/26/24, 8:43 AM",http://www.linkedin.com/jobs/view/3837820207,"Coding Instructor (Minecraft, Scratch & Python)",Wildster
"2/23/24, 9:03 PM",http://www.linkedin.com/jobs/view/3833844983,Web Developer Intern - Remote,Mhaske Earthmoving Enterprises
"7/10/24, 4:51 AM",http://www.linkedin.com/jobs/view/3967172146,AI Engineer Intern,PostCare.AI
"2/25/24, 5:54 AM",http://www.linkedin.com/jobs/view/3830985407,Full Stack Developer Intern,Tecnod8.AI
"4/25/24, 9:50 AM",http://www.linkedin.com/jobs/view/3911201335,AI/ML Developer Intern,FlashFeed
"2/23/24, 6:15 PM",http://www.linkedin.com/jobs/view/3831589517,Software Engineering Intern (Backend),Userology
"4/17/24, 7:12 PM",http://www.linkedin.com/jobs/view/3886664555,,
"4/3/24, 3:14 AM",http://www.linkedin.com/jobs/view/3876088951,English Tutor-WFH,PlanetSpark
